"日期","早报模板ID","早报样式","早报配乐ID","早报配乐","收盘模板ID","收盘样式","收盘配乐ID","收盘配乐"
"2026-09-08","edition-146","纸带终刊 · 错位阶梯","score-146","轻盈气息 · 纸带终刊 6","edition-040","栏目透视 · 封签档案","score-040","钟琴与暖垫 · 栏目透视 10"
"2026-09-09","edition-008","航线日刊 · 对照便笺","score-008","玻璃音阶 · 航线日刊 8","edition-153","暮色分栏 · 主稿收束","score-153","玻璃音阶 · 暮色分栏 3"
"2026-09-10","edition-074","坐标侧记 · 纵向时间线","score-074","电钢与刷鼓 · 坐标侧记 4","edition-105","航线夜读 · 双栏索引","score-105","风琴与慢拍 · 航线夜读 5"
"2026-09-11","edition-136","栏目交汇 · 错位阶梯","score-136","木质律动 · 栏目交汇 6","edition-082","快讯折页 · 主稿置顶","score-082","轻盈气息 · 快讯折页 2"
"2026-09-12","edition-195","周界回望 · 双栏索引","score-195","木琴与轻拍 · 周界回望 5","edition-157","暮色分栏 · 边栏摘要","score-157","拨弦与沙锤 · 暮色分栏 7"
"2026-09-13","edition-106","航线夜读 · 错位阶梯","score-106","夜色电钢 · 航线夜读 6","edition-010","航线日刊 · 封签档案","score-010","轻盈气息 · 航线日刊 10"
"2026-09-14","edition-148","纸带终刊 · 对照便笺","score-148","拨弦与沙锤 · 纸带终刊 8","edition-005","航线日刊 · 双栏索引","score-005","风琴与慢拍 · 航线日刊 5"
"2026-09-15","edition-035","栏目透视 · 双栏索引","score-035","玻璃音阶 · 栏目透视 5","edition-183","快讯对页 · 主稿收束","score-183","电钢与刷鼓 · 快讯对页 3"
"2026-09-16","edition-039","栏目透视 · 横带清单","score-039","拨弦与沙锤 · 栏目透视 9","edition-049","纸带纪要 · 横带清单","score-049","钟琴与暖垫 · 纸带纪要 9"
"2026-09-17","edition-038","栏目透视 · 对照便笺","score-038","电钢与刷鼓 · 栏目透视 8","edition-165","资料续页 · 双栏索引","score-165","电钢与刷鼓 · 资料续页 5"
"2026-09-18","edition-078","坐标侧记 · 对照便笺","score-078","风琴与慢拍 · 坐标侧记 8","edition-001","航线日刊 · 横向卡片","score-001","电钢与刷鼓 · 航线日刊 1"
"2026-09-19","edition-129","档案复核 · 横带清单","score-129","电钢与刷鼓 · 档案复核 9","edition-145","纸带终刊 · 双栏索引","score-145","木质律动 · 纸带终刊 5"
"2026-09-20","edition-160","暮色分栏 · 封签档案","score-160","风琴与慢拍 · 暮色分栏 10","edition-021","档案索引 · 横向卡片","score-021","钟琴与暖垫 · 档案索引 1"
"2026-09-21","edition-061","资料拼页 · 横向卡片","score-061","切分拨弦 · 资料拼页 1","edition-013","边注观察 · 主稿收束","score-013","木琴与轻拍 · 边注观察 3"
"2026-09-22","edition-140","栏目交汇 · 封签档案","score-140","钟琴与暖垫 · 栏目交汇 10","edition-156","暮色分栏 · 错位阶梯","score-156","电钢与刷鼓 · 暮色分栏 6"
"2026-09-23","edition-191","周界回望 · 横向卡片","score-191","轻盈气息 · 周界回望 1","edition-176","坐标归档 · 错位阶梯","score-176","钟琴与暖垫 · 坐标归档 6"
"2026-09-24","edition-170","资料续页 · 封签档案","score-170","夜色电钢 · 资料续页 10","edition-030","档案索引 · 封签档案","score-030","拨弦与沙锤 · 档案索引 10"
"2026-09-25","edition-059","晨光分栏 · 横带清单","score-059","木琴与轻拍 · 晨光分栏 9","edition-181","快讯对页 · 横向卡片","score-181","木质律动 · 快讯对页 1"
"2026-09-26","edition-041","纸带纪要 · 横向卡片","score-041","风琴与慢拍 · 纸带纪要 1","edition-161","资料续页 · 横向卡片","score-161","切分拨弦 · 资料续页 1"
"2026-09-27","edition-114","边注晚刊 · 纵向时间线","score-114","风琴与慢拍 · 边注晚刊 4","edition-077","坐标侧记 · 边栏摘要","score-077","木琴与轻拍 · 坐标侧记 7"
"2026-09-28","edition-141","纸带终刊 · 横向卡片","score-141","风琴与慢拍 · 纸带终刊 1","edition-173","坐标归档 · 主稿收束","score-173","轻盈气息 · 坐标归档 3"
"2026-09-29","edition-109","航线夜读 · 横带清单","score-109","木质律动 · 航线夜读 9","edition-071","坐标侧记 · 横向卡片","score-071","玻璃音阶 · 坐标侧记 1"
"2026-09-30","edition-081","快讯折页 · 横向卡片","score-081","木质律动 · 快讯折页 1","edition-117","边注晚刊 · 边栏摘要","score-117","玻璃音阶 · 边注晚刊 7"
"2026-10-01","edition-163","资料续页 · 主稿收束","score-163","木质律动 · 资料续页 3","edition-089","快讯折页 · 横带清单","score-089","切分拨弦 · 快讯折页 9"
"2026-10-02","edition-113","边注晚刊 · 主稿收束","score-113","木琴与轻拍 · 边注晚刊 3","edition-032","栏目透视 · 主稿置顶","score-032","风琴与慢拍 · 栏目透视 2"
"2026-10-03","edition-162","资料续页 · 主稿置顶","score-162","玻璃音阶 · 资料续页 2","edition-192","周界回望 · 主稿置顶","score-192","电钢与刷鼓 · 周界回望 2"
"2026-10-04","edition-014","边注观察 · 纵向时间线","score-014","风琴与慢拍 · 边注观察 4","edition-096","周界简讯 · 错位阶梯","score-096","风琴与慢拍 · 周界简讯 6"
"2026-10-05","edition-046","纸带纪要 · 错位阶梯","score-046","轻盈气息 · 纸带纪要 6","edition-015","边注观察 · 双栏索引","score-015","夜色电钢 · 边注观察 5"
"2026-10-06","edition-083","快讯折页 · 主稿收束","score-083","电钢与刷鼓 · 快讯折页 3","edition-127","档案复核 · 边栏摘要","score-127","木质律动 · 档案复核 7"
"2026-10-07","edition-112","边注晚刊 · 主稿置顶","score-112","钟琴与暖垫 · 边注晚刊 2","edition-169","资料续页 · 横带清单","score-169","风琴与慢拍 · 资料续页 9"
"2026-10-08","edition-022","档案索引 · 主稿置顶","score-022","木琴与轻拍 · 档案索引 2","edition-086","快讯折页 · 错位阶梯","score-086","木琴与轻拍 · 快讯折页 6"
"2026-10-09","edition-122","档案复核 · 主稿置顶","score-122","木琴与轻拍 · 档案复核 2","edition-138","栏目交汇 · 对照便笺","score-138","电钢与刷鼓 · 栏目交汇 8"
"2026-10-10","edition-073","坐标侧记 · 主稿收束","score-073","轻盈气息 · 坐标侧记 3","edition-172","坐标归档 · 主稿置顶","score-172","木质律动 · 坐标归档 2"
"2026-10-11","edition-094","周界简讯 · 纵向时间线","score-094","钟琴与暖垫 · 周界简讯 4","edition-189","快讯对页 · 横带清单","score-189","切分拨弦 · 快讯对页 9"
"2026-10-12","edition-101","航线夜读 · 横向卡片","score-101","电钢与刷鼓 · 航线夜读 1","edition-062","资料拼页 · 主稿置顶","score-062","玻璃音阶 · 资料拼页 2"
"2026-10-13","edition-124","档案复核 · 纵向时间线","score-124","夜色电钢 · 档案复核 4","edition-085","快讯折页 · 双栏索引","score-085","钟琴与暖垫 · 快讯折页 5"
"2026-10-14","edition-199","周界回望 · 横带清单","score-199","玻璃音阶 · 周界回望 9","edition-188","快讯对页 · 对照便笺","score-188","夜色电钢 · 快讯对页 8"
"2026-10-15","edition-155","暮色分栏 · 双栏索引","score-155","轻盈气息 · 暮色分栏 5","edition-034","栏目透视 · 纵向时间线","score-034","切分拨弦 · 栏目透视 4"
"2026-10-16","edition-128","档案复核 · 对照便笺","score-128","轻盈气息 · 档案复核 8","edition-166","资料续页 · 错位阶梯","score-166","拨弦与沙锤 · 资料续页 6"
"2026-10-17","edition-023","档案索引 · 主稿收束","score-023","风琴与慢拍 · 档案索引 3","edition-123","档案复核 · 主稿收束","score-123","风琴与慢拍 · 档案复核 3"
"2026-10-18","edition-051","晨光分栏 · 横向卡片","score-051","夜色电钢 · 晨光分栏 1","edition-118","边注晚刊 · 对照便笺","score-118","木质律动 · 边注晚刊 8"
"2026-10-19","edition-125","档案复核 · 双栏索引","score-125","切分拨弦 · 档案复核 5","edition-044","纸带纪要 · 纵向时间线","score-044","玻璃音阶 · 纸带纪要 4"
"2026-10-20","edition-060","晨光分栏 · 封签档案","score-060","风琴与慢拍 · 晨光分栏 10","edition-020","边注观察 · 封签档案","score-020","电钢与刷鼓 · 边注观察 10"
"2026-10-21","edition-178","坐标归档 · 对照便笺","score-178","风琴与慢拍 · 坐标归档 8","edition-108","航线夜读 · 对照便笺","score-108","玻璃音阶 · 航线夜读 8"
"2026-10-22","edition-100","周界简讯 · 封签档案","score-100","木质律动 · 周界简讯 10","edition-069","资料拼页 · 横带清单","score-069","风琴与慢拍 · 资料拼页 9"
"2026-10-23","edition-133","栏目交汇 · 主稿收束","score-133","夜色电钢 · 栏目交汇 3","edition-056","晨光分栏 · 错位阶梯","score-056","电钢与刷鼓 · 晨光分栏 6"
"2026-10-24","edition-090","快讯折页 · 封签档案","score-090","玻璃音阶 · 快讯折页 10","edition-154","暮色分栏 · 纵向时间线","score-154","木质律动 · 暮色分栏 4"
"2026-10-25","edition-004","航线日刊 · 纵向时间线","score-004","木琴与轻拍 · 航线日刊 4","edition-119","边注晚刊 · 横带清单","score-119","轻盈气息 · 边注晚刊 9"
"2026-10-26","edition-159","暮色分栏 · 横带清单","score-159","木琴与轻拍 · 暮色分栏 9","edition-070","资料拼页 · 封签档案","score-070","夜色电钢 · 资料拼页 10"
"2026-10-27","edition-047","纸带纪要 · 边栏摘要","score-047","电钢与刷鼓 · 纸带纪要 7","edition-009","航线日刊 · 横带清单","score-009","木质律动 · 航线日刊 9"
"2026-10-28","edition-150","纸带终刊 · 封签档案","score-150","木琴与轻拍 · 纸带终刊 10","edition-029","档案索引 · 横带清单","score-029","电钢与刷鼓 · 档案索引 9"
"2026-10-29","edition-045","纸带纪要 · 双栏索引","score-045","木质律动 · 纸带纪要 5","edition-019","边注观察 · 横带清单","score-019","轻盈气息 · 边注观察 9"
"2026-10-30","edition-193","周界回望 · 主稿收束","score-193","拨弦与沙锤 · 周界回望 3","edition-103","航线夜读 · 主稿收束","score-103","钟琴与暖垫 · 航线夜读 3"
"2026-10-31","edition-003","航线日刊 · 主稿收束","score-003","钟琴与暖垫 · 航线日刊 3","edition-142","纸带终刊 · 主稿置顶","score-142","夜色电钢 · 纸带终刊 2"
"2026-11-01","edition-027","档案索引 · 边栏摘要","score-027","木质律动 · 档案索引 7","edition-197","周界回望 · 边栏摘要","score-197","夜色电钢 · 周界回望 7"
"2026-11-02","edition-121","档案复核 · 横向卡片","score-121","钟琴与暖垫 · 档案复核 1","edition-087","快讯折页 · 边栏摘要","score-087","风琴与慢拍 · 快讯折页 7"
"2026-11-03","edition-184","快讯对页 · 纵向时间线","score-184","拨弦与沙锤 · 快讯对页 4","edition-037","栏目透视 · 边栏摘要","score-037","轻盈气息 · 栏目透视 7"
"2026-11-04","edition-102","航线夜读 · 主稿置顶","score-102","拨弦与沙锤 · 航线夜读 2","edition-200","周界回望 · 封签档案","score-200","木质律动 · 周界回望 10"
"2026-11-05","edition-006","航线日刊 · 错位阶梯","score-006","夜色电钢 · 航线日刊 6","edition-075","坐标侧记 · 双栏索引","score-075","拨弦与沙锤 · 坐标侧记 5"
"2026-11-06","edition-093","周界简讯 · 主稿收束","score-093","拨弦与沙锤 · 周界简讯 3","edition-179","坐标归档 · 横带清单","score-179","夜色电钢 · 坐标归档 9"
"2026-11-07","edition-084","快讯折页 · 纵向时间线","score-084","拨弦与沙锤 · 快讯折页 4","edition-104","航线夜读 · 纵向时间线","score-104","木琴与轻拍 · 航线夜读 4"
"2026-11-08","edition-120","边注晚刊 · 封签档案","score-120","电钢与刷鼓 · 边注晚刊 10","edition-042","纸带纪要 · 主稿置顶","score-042","夜色电钢 · 纸带纪要 2"
"2026-11-09","edition-143","纸带终刊 · 主稿收束","score-143","切分拨弦 · 纸带终刊 3","edition-092","周界简讯 · 主稿置顶","score-092","电钢与刷鼓 · 周界简讯 2"
"2026-11-10","edition-190","快讯对页 · 封签档案","score-190","玻璃音阶 · 快讯对页 10","edition-095","周界简讯 · 双栏索引","score-095","木琴与轻拍 · 周界简讯 5"
"2026-11-11","edition-067","资料拼页 · 边栏摘要","score-067","钟琴与暖垫 · 资料拼页 7","edition-017","边注观察 · 边栏摘要","score-017","玻璃音阶 · 边注观察 7"
"2026-11-12","edition-116","边注晚刊 · 错位阶梯","score-116","切分拨弦 · 边注晚刊 6","edition-137","栏目交汇 · 边栏摘要","score-137","轻盈气息 · 栏目交汇 7"
"2026-11-13","edition-180","坐标归档 · 封签档案","score-180","切分拨弦 · 坐标归档 10","edition-110","航线夜读 · 封签档案","score-110","轻盈气息 · 航线夜读 10"
"2026-11-14","edition-033","栏目透视 · 主稿收束","score-033","夜色电钢 · 栏目透视 3","edition-088","快讯折页 · 对照便笺","score-088","夜色电钢 · 快讯折页 8"
"2026-11-15","edition-174","坐标归档 · 纵向时间线","score-174","电钢与刷鼓 · 坐标归档 4","edition-185","快讯对页 · 双栏索引","score-185","钟琴与暖垫 · 快讯对页 5"
"2026-11-16","edition-007","航线日刊 · 边栏摘要","score-007","切分拨弦 · 航线日刊 7","edition-131","栏目交汇 · 横向卡片","score-131","木琴与轻拍 · 栏目交汇 1"
"2026-11-17","edition-196","周界回望 · 错位阶梯","score-196","风琴与慢拍 · 周界回望 6","edition-111","边注晚刊 · 横向卡片","score-111","拨弦与沙锤 · 边注晚刊 1"
"2026-11-18","edition-024","档案索引 · 纵向时间线","score-024","夜色电钢 · 档案索引 4","edition-064","资料拼页 · 纵向时间线","score-064","轻盈气息 · 资料拼页 4"
"2026-11-19","edition-072","坐标侧记 · 主稿置顶","score-072","木质律动 · 坐标侧记 2","edition-177","坐标归档 · 边栏摘要","score-177","木琴与轻拍 · 坐标归档 7"
"2026-11-20","edition-187","快讯对页 · 边栏摘要","score-187","风琴与慢拍 · 快讯对页 7","edition-149","纸带终刊 · 横带清单","score-149","钟琴与暖垫 · 纸带终刊 9"
"2026-11-21","edition-053","晨光分栏 · 主稿收束","score-053","玻璃音阶 · 晨光分栏 3","edition-091","周界简讯 · 横向卡片","score-091","轻盈气息 · 周界简讯 1"
"2026-11-22","edition-052","晨光分栏 · 主稿置顶","score-052","切分拨弦 · 晨光分栏 2","edition-068","资料拼页 · 对照便笺","score-068","木琴与轻拍 · 资料拼页 8"
"2026-11-23","edition-076","坐标侧记 · 错位阶梯","score-076","钟琴与暖垫 · 坐标侧记 6","edition-048","纸带纪要 · 对照便笺","score-048","拨弦与沙锤 · 纸带纪要 8"
"2026-11-24","edition-198","周界回望 · 对照便笺","score-198","切分拨弦 · 周界回望 8","edition-065","资料拼页 · 双栏索引","score-065","电钢与刷鼓 · 资料拼页 5"
"2026-11-25","edition-147","纸带终刊 · 边栏摘要","score-147","电钢与刷鼓 · 纸带终刊 7","edition-194","周界回望 · 纵向时间线","score-194","钟琴与暖垫 · 周界回望 4"
"2026-11-26","edition-139","栏目交汇 · 横带清单","score-139","拨弦与沙锤 · 栏目交汇 9","edition-079","坐标侧记 · 横带清单","score-079","夜色电钢 · 坐标侧记 9"
"2026-11-27","edition-018","边注观察 · 对照便笺","score-018","木质律动 · 边注观察 8","edition-043","纸带纪要 · 主稿收束","score-043","切分拨弦 · 纸带纪要 3"
"2026-11-28","edition-099","周界简讯 · 横带清单","score-099","玻璃音阶 · 周界简讯 9","edition-011","边注观察 · 横向卡片","score-011","拨弦与沙锤 · 边注观察 1"
"2026-11-29","edition-130","档案复核 · 封签档案","score-130","拨弦与沙锤 · 档案复核 10","edition-175","坐标归档 · 双栏索引","score-175","拨弦与沙锤 · 坐标归档 5"
"2026-11-30","edition-135","栏目交汇 · 双栏索引","score-135","玻璃音阶 · 栏目交汇 5","edition-107","航线夜读 · 边栏摘要","score-107","切分拨弦 · 航线夜读 7"
"2026-12-01","edition-055","晨光分栏 · 双栏索引","score-055","轻盈气息 · 晨光分栏 5","edition-151","暮色分栏 · 横向卡片","score-151","夜色电钢 · 暮色分栏 1"
"2026-12-02","edition-058","晨光分栏 · 对照便笺","score-058","钟琴与暖垫 · 晨光分栏 8","edition-182","快讯对页 · 主稿置顶","score-182","轻盈气息 · 快讯对页 2"
"2026-12-03","edition-144","纸带终刊 · 纵向时间线","score-144","玻璃音阶 · 纸带终刊 4","edition-057","晨光分栏 · 边栏摘要","score-057","拨弦与沙锤 · 晨光分栏 7"
"2026-12-04","edition-126","档案复核 · 错位阶梯","score-126","玻璃音阶 · 档案复核 6","edition-098","周界简讯 · 对照便笺","score-098","切分拨弦 · 周界简讯 8"
"2026-12-05","edition-031","栏目透视 · 横向卡片","score-031","木琴与轻拍 · 栏目透视 1","edition-028","档案索引 · 对照便笺","score-028","轻盈气息 · 档案索引 8"
"2026-12-06","edition-164","资料续页 · 纵向时间线","score-164","轻盈气息 · 资料续页 4","edition-152","暮色分栏 · 主稿置顶","score-152","切分拨弦 · 暮色分栏 2"
"2026-12-07","edition-066","资料拼页 · 错位阶梯","score-066","拨弦与沙锤 · 资料拼页 6","edition-167","资料续页 · 边栏摘要","score-167","钟琴与暖垫 · 资料续页 7"
"2026-12-08","edition-063","资料拼页 · 主稿收束","score-063","木质律动 · 资料拼页 3","edition-134","栏目交汇 · 纵向时间线","score-134","切分拨弦 · 栏目交汇 4"
"2026-12-09","edition-168","资料续页 · 对照便笺","score-168","木琴与轻拍 · 资料续页 8","edition-026","档案索引 · 错位阶梯","score-026","玻璃音阶 · 档案索引 6"
"2026-12-10","edition-036","栏目透视 · 错位阶梯","score-036","木质律动 · 栏目透视 6","edition-050","纸带纪要 · 封签档案","score-050","木琴与轻拍 · 纸带纪要 10"
"2026-12-11","edition-158","暮色分栏 · 对照便笺","score-158","钟琴与暖垫 · 暮色分栏 8","edition-016","边注观察 · 错位阶梯","score-016","切分拨弦 · 边注观察 6"
"2026-12-12","edition-080","坐标侧记 · 封签档案","score-080","切分拨弦 · 坐标侧记 10","edition-115","边注晚刊 · 双栏索引","score-115","夜色电钢 · 边注晚刊 5"
"2026-12-13","edition-054","晨光分栏 · 纵向时间线","score-054","木质律动 · 晨光分栏 4","edition-132","栏目交汇 · 主稿置顶","score-132","风琴与慢拍 · 栏目交汇 2"
"2026-12-14","edition-186","快讯对页 · 错位阶梯","score-186","木琴与轻拍 · 快讯对页 6","edition-025","档案索引 · 双栏索引","score-025","切分拨弦 · 档案索引 5"
"2026-12-15","edition-097","周界简讯 · 边栏摘要","score-097","夜色电钢 · 周界简讯 7","edition-012","边注观察 · 主稿置顶","score-012","钟琴与暖垫 · 边注观察 2"
"2026-12-16","edition-171","坐标归档 · 横向卡片","score-171","玻璃音阶 · 坐标归档 1","edition-002","航线日刊 · 主稿置顶","score-002","拨弦与沙锤 · 航线日刊 2"
